X,Y,U
0.000000,0.000000,-0.000000
0.040816,0.000000,-0.000000
0.081633,0.000000,-0.000000
0.122449,0.000000,-0.000000
0.163265,0.000000,-0.000000
0.204082,0.000000,-0.000000
0.244898,0.000000,-0.000000
0.285714,0.000000,-0.000000
0.326531,0.000000,-0.000000
0.367347,0.000000,-0.000000
0.408163,0.000000,-0.000000
0.448980,0.000000,-0.000000
0.489796,0.000000,-0.000000
0.530612,0.000000,0.000000
0.571429,0.000000,0.000000
0.612245,0.000000,0.000000
0.653061,0.000000,0.000000
0.693878,0.000000,0.000000
0.734694,0.000000,0.000000
0.775510,0.000000,0.000000
0.816327,0.000000,0.000000
0.857143,0.000000,0.000000
0.897959,0.000000,0.000000
0.938776,0.000000,0.000000
0.979592,0.000000,0.000000
1.020408,0.000000,0.000000
1.061224,0.000000,0.000000
1.102041,0.000000,0.000000
1.142857,0.000000,0.000000
1.183673,0.000000,0.000000
1.224490,0.000000,0.000000
1.265306,0.000000,0.000000
1.306122,0.000000,0.000000
1.346939,0.000000,0.000000
1.387755,0.000000,0.000000
1.428571,0.000000,0.000000
1.469388,0.000000,0.000000
1.510204,0.000000,-0.000000
1.551020,0.000000,-0.000000
1.591837,0.000000,-0.000000
1.632653,0.000000,-0.000000
1.673469,0.000000,-0.000000
1.714286,0.000000,-0.000000
1.755102,0.000000,-0.000000
1.795918,0.000000,-0.000000
1.836735,0.000000,-0.000000
1.877551,0.000000,-0.000000
1.918367,0.000000,-0.000000
1.959184,0.000000,-0.000000
2.000000,0.000000,-0.000000
0.000000,0.040816,-0.040805
0.040816,0.040816,-0.040470
0.081633,0.040816,-0.039470
0.122449,0.040816,-0.037823
0.163265,0.040816,-0.035554
0.204082,0.040816,-0.032702
0.244898,0.040816,-0.029312
0.285714,0.040816,-0.025441
0.326531,0.040816,-0.021153
0.367347,0.040816,-0.016517
0.408163,0.040816,-0.011610
0.448980,0.040816,-0.006512
0.489796,0.040816,-0.001308
0.530612,0.040816,0.003918
0.571429,0.040816,0.009080
0.612245,0.040816,0.014093
0.653061,0.040816,0.018874
0.693878,0.040816,0.023345
0.734694,0.040816,0.027433
0.775510,0.040816,0.031071
0.816327,0.040816,0.034198
0.857143,0.040816,0.036764
0.897959,0.040816,0.038726
0.938776,0.040816,0.040053
0.979592,0.040816,0.040721
1.020408,0.040816,0.040721
1.061224,0.040816,0.040053
1.102041,0.040816,0.038726
1.142857,0.040816,0.036764
1.183673,0.040816,0.034198
1.224490,0.040816,0.031071
1.265306,0.040816,0.027433
1.306122,0.040816,0.023345
1.346939,0.040816,0.018874
1.387755,0.040816,0.014093
1.428571,0.040816,0.009080
1.469388,0.040816,0.003918
1.510204,0.040816,-0.001308
1.551020,0.040816,-0.006512
1.591837,0.040816,-0.011610
1.632653,0.040816,-0.016517
1.673469,0.040816,-0.021153
1.714286,0.040816,-0.025441
1.755102,0.040816,-0.029312
1.795918,0.040816,-0.032702
1.836735,0.040816,-0.035554
1.877551,0.040816,-0.037823
1.918367,0.040816,-0.039470
1.959184,0.040816,-0.040470
2.000000,0.040816,-0.040805
0.000000,0.081633,-0.081542
0.040816,0.081633,-0.080873
0.081633,0.081633,-0.078875
0.122449,0.081633,-0.075583
0.163265,0.081633,-0.071049
0.204082,0.081633,-0.065349
0.244898,0.081633,-0.058576
0.285714,0.081633,-0.050841
0.326531,0.081633,-0.042271
0.367347,0.081633,-0.033007
0.408163,0.081633,-0.023201
0.448980,0.081633,-0.013014
0.489796,0.081633,-0.002614
0.530612,0.081633,0.007830
0.571429,0.081633,0.018145
0.612245,0.081633,0.028162
0.653061,0.081633,0.037716
0.693878,0.081633,0.046652
0.734694,0.081633,0.054821
0.775510,0.081633,0.062090
0.816327,0.081633,0.068339
0.857143,0.081633,0.073467
0.897959,0.081633,0.077388
0.938776,0.081633,0.080038
0.979592,0.081633,0.081374
1.020408,0.081633,0.081374
1.061224,0.081633,0.080038
1.102041,0.081633,0.077388
1.142857,0.081633,0.073467
1.183673,0.081633,0.068339
1.224490,0.081633,0.062090
1.265306,0.081633,0.054821
1.306122,0.081633,0.046652
1.346939,0.081633,0.037716
1.387755,0.081633,0.028162
1.428571,0.081633,0.018145
1.469388,0.081633,0.007830
1.510204,0.081633,-0.002614
1.551020,0.081633,-0.013014
1.591837,0.081633,-0.023201
1.632653,0.081633,-0.033007
1.673469,0.081633,-0.042271
1.714286,0.081633,-0.050841
1.755102,0.081633,-0.058576
1.795918,0.081633,-0.065349
1.836735,0.081633,-0.071049
1.877551,0.081633,-0.075583
1.918367,0.081633,-0.078875
1.959184,0.081633,-0.080873
2.000000,0.081633,-0.081542
0.000000,0.122449,-0.122143
0.040816,0.122449,-0.121140
0.081633,0.122449,-0.118149
0.122449,0.122449,-0.113217
0.163265,0.122449,-0.106426
0.204082,0.122449,-0.097887
0.244898,0.122449,-0.087741
0.285714,0.122449,-0.076155
0.326531,0.122449,-0.063318
0.367347,0.122449,-0.049442
0.408163,0.122449,-0.034753
0.448980,0.122449,-0.019494
0.489796,0.122449,-0.003915
0.530612,0.122449,0.011729
0.571429,0.122449,0.027179
0.612245,0.122449,0.042184
0.653061,0.122449,0.056496
0.693878,0.122449,0.069880
0.734694,0.122449,0.082117
0.775510,0.122449,0.093005
0.816327,0.122449,0.102367
0.857143,0.122449,0.110047
0.897959,0.122449,0.115921
0.938776,0.122449,0.119891
0.979592,0.122449,0.121892
1.020408,0.122449,0.121892
1.061224,0.122449,0.119891
1.102041,0.122449,0.115921
1.142857,0.122449,0.110047
1.183673,0.122449,0.102367
1.224490,0.122449,0.093005
1.265306,0.122449,0.082117
1.306122,0.122449,0.069880
1.346939,0.122449,0.056496
1.387755,0.122449,0.042184
1.428571,0.122449,0.027179
1.469388,0.122449,0.011729
1.510204,0.122449,-0.003915
1.551020,0.122449,-0.019494
1.591837,0.122449,-0.034753
1.632653,0.122449,-0.049442
1.673469,0.122449,-0.063318
1.714286,0.122449,-0.076155
1.755102,0.122449,-0.087741
1.795918,0.122449,-0.097887
1.836735,0.122449,-0.106426
1.877551,0.122449,-0.113217
1.918367,0.122449,-0.118149
1.959184,0.122449,-0.121140
2.000000,0.122449,-0.122143
0.000000,0.163265,-0.162541
0.040816,0.163265,-0.161206
0.081633,0.163265,-0.157225
0.122449,0.163265,-0.150662
0.163265,0.163265,-0.141625
0.204082,0.163265,-0.130263
0.244898,0.163265,-0.116761
0.285714,0.163265,-0.101343
0.326531,0.163265,-0.084260
0.367347,0.163265,-0.065794
0.408163,0.163265,-0.046247
0.448980,0.163265,-0.025942
0.489796,0.163265,-0.005210
0.530612,0.163265,0.015608
0.571429,0.163265,0.036169
0.612245,0.163265,0.056136
0.653061,0.163265,0.075181
0.693878,0.163265,0.092992
0.734694,0.163265,0.109276
0.775510,0.163265,0.123766
0.816327,0.163265,0.136224
0.857143,0.163265,0.146444
0.897959,0.163265,0.154260
0.938776,0.163265,0.159544
0.979592,0.163265,0.162207
1.020408,0.163265,0.162207
1.061224,0.163265,0.159544
1.102041,0.163265,0.154260
1.142857,0.163265,0.146444
1.183673,0.163265,0.136224
1.224490,0.163265,0.123766
1.265306,0.163265,0.109276
1.306122,0.163265,0.092992
1.346939,0.163265,0.075181
1.387755,0.163265,0.056136
1.428571,0.163265,0.036169
1.469388,0.163265,0.015608
1.510204,0.163265,-0.005210
1.551020,0.163265,-0.025942
1.591837,0.163265,-0.046247
1.632653,0.163265,-0.065794
1.673469,0.163265,-0.084260
1.714286,0.163265,-0.101343
1.755102,0.163265,-0.116761
1.795918,0.163265,-0.130263
1.836735,0.163265,-0.141625
1.877551,0.163265,-0.150662
1.918367,0.163265,-0.157225
1.959184,0.163265,-0.161206
2.000000,0.163265,-0.162541
0.000000,0.204082,-0.202668
0.040816,0.204082,-0.201004
0.081633,0.204082,-0.196040
0.122449,0.204082,-0.187856
0.163265,0.204082,-0.176588
0.204082,0.204082,-0.162421
0.244898,0.204082,-0.145586
0.285714,0.204082,-0.126361
0.326531,0.204082,-0.105062
0.367347,0.204082,-0.082037
0.408163,0.204082,-0.057665
0.448980,0.204082,-0.032346
0.489796,0.204082,-0.006496
0.530612,0.204082,0.019461
0.571429,0.204082,0.045098
0.612245,0.204082,0.069994
0.653061,0.204082,0.093742
0.693878,0.204082,0.115950
0.734694,0.204082,0.136254
0.775510,0.204082,0.154321
0.816327,0.204082,0.169854
0.857143,0.204082,0.182598
0.897959,0.204082,0.192343
0.938776,0.204082,0.198931
0.979592,0.204082,0.202252
1.020408,0.204082,0.202252
1.061224,0.204082,0.198931
1.102041,0.204082,0.192343
1.142857,0.204082,0.182598
1.183673,0.204082,0.169854
1.224490,0.204082,0.154321
1.265306,0.204082,0.136254
1.306122,0.204082,0.115950
1.346939,0.204082,0.093742
1.387755,0.204082,0.069994
1.428571,0.204082,0.045098
1.469388,0.204082,0.019461
1.510204,0.204082,-0.006496
1.551020,0.204082,-0.032346
1.591837,0.204082,-0.057665
1.632653,0.204082,-0.082037
1.673469,0.204082,-0.105062
1.714286,0.204082,-0.126361
1.755102,0.204082,-0.145586
1.795918,0.204082,-0.162421
1.836735,0.204082,-0.176588
1.877551,0.204082,-0.187856
1.918367,0.204082,-0.196040
1.959184,0.204082,-0.201004
2.000000,0.204082,-0.202668
0.000000,0.244898,-0.242457
0.040816,0.244898,-0.240467
0.081633,0.244898,-0.234528
0.122449,0.244898,-0.224738
0.163265,0.244898,-0.211258
0.204082,0.244898,-0.194309
0.244898,0.244898,-0.174169
0.285714,0.244898,-0.151170
0.326531,0.244898,-0.125688
0.367347,0.244898,-0.098143
0.408163,0.244898,-0.068986
0.448980,0.244898,-0.038696
0.489796,0.244898,-0.007771
0.530612,0.244898,0.023281
0.571429,0.244898,0.053952
0.612245,0.244898,0.083736
0.653061,0.244898,0.112146
0.693878,0.244898,0.138714
0.734694,0.244898,0.163004
0.775510,0.244898,0.184618
0.816327,0.244898,0.203201
0.857143,0.244898,0.218447
0.897959,0.244898,0.230106
0.938776,0.244898,0.237986
0.979592,0.244898,0.241959
1.020408,0.244898,0.241959
1.061224,0.244898,0.237986
1.102041,0.244898,0.230106
1.142857,0.244898,0.218447
1.183673,0.244898,0.203201
1.224490,0.244898,0.184618
1.265306,0.244898,0.163004
1.306122,0.244898,0.138714
1.346939,0.244898,0.112146
1.387755,0.244898,0.083736
1.428571,0.244898,0.053952
1.469388,0.244898,0.023281
1.510204,0.244898,-0.007771
1.551020,0.244898,-0.038696
1.591837,0.244898,-0.068986
1.632653,0.244898,-0.098143
1.673469,0.244898,-0.125688
1.714286,0.244898,-0.151170
1.755102,0.244898,-0.174169
1.795918,0.244898,-0.194309
1.836735,0.244898,-0.211258
1.877551,0.244898,-0.224738
1.918367,0.244898,-0.234528
1.959184,0.244898,-0.240467
2.000000,0.244898,-0.242457
0.000000,0.285714,-0.281843
0.040816,0.285714,-0.279529
0.081633,0.285714,-0.272625
0.122449,0.285714,-0.261245
0.163265,0.285714,-0.245575
0.204082,0.285714,-0.225873
0.244898,0.285714,-0.202462
0.285714,0.285714,-0.175726
0.326531,0.285714,-0.146105
0.367347,0.285714,-0.114085
0.408163,0.285714,-0.080192
0.448980,0.285714,-0.044982
0.489796,0.285714,-0.009034
0.530612,0.285714,0.027063
0.571429,0.285714,0.062716
0.612245,0.285714,0.097339
0.653061,0.285714,0.130363
0.693878,0.285714,0.161247
0.734694,0.285714,0.189483
0.775510,0.285714,0.214608
0.816327,0.285714,0.236209
0.857143,0.285714,0.253932
0.897959,0.285714,0.267485
0.938776,0.285714,0.276645
0.979592,0.285714,0.281264
1.020408,0.285714,0.281264
1.061224,0.285714,0.276645
1.102041,0.285714,0.267485
1.142857,0.285714,0.253932
1.183673,0.285714,0.236209
1.224490,0.285714,0.214608
1.265306,0.285714,0.189483
1.306122,0.285714,0.161247
1.346939,0.285714,0.130363
1.387755,0.285714,0.097339
1.428571,0.285714,0.062716
1.469388,0.285714,0.027063
1.510204,0.285714,-0.009034
1.551020,0.285714,-0.044982
1.591837,0.285714,-0.080192
1.632653,0.285714,-0.114085
1.673469,0.285714,-0.146105
1.714286,0.285714,-0.175726
1.755102,0.285714,-0.202462
1.795918,0.285714,-0.225873
1.836735,0.285714,-0.245575
1.877551,0.285714,-0.261245
1.918367,0.285714,-0.272625
1.959184,0.285714,-0.279529
2.000000,0.285714,-0.281843
0.000000,0.326531,-0.320759
0.040816,0.326531,-0.318125
0.081633,0.326531,-0.310268
0.122449,0.326531,-0.297317
0.163265,0.326531,-0.279483
0.204082,0.326531,-0.257061
0.244898,0.326531,-0.230417
0.285714,0.326531,-0.199990
0.326531,0.326531,-0.166279
0.367347,0.326531,-0.129838
0.408163,0.326531,-0.091265
0.448980,0.326531,-0.051193
0.489796,0.326531,-0.010281
0.530612,0.326531,0.030800
0.571429,0.326531,0.071376
0.612245,0.326531,0.110779
0.653061,0.326531,0.148363
0.693878,0.326531,0.183512
0.734694,0.326531,0.215646
0.775510,0.326531,0.244241
0.816327,0.326531,0.268824
0.857143,0.326531,0.288994
0.897959,0.326531,0.304418
0.938776,0.326531,0.314844
0.979592,0.326531,0.320100
1.020408,0.326531,0.320100
1.061224,0.326531,0.314844
1.102041,0.326531,0.304418
1.142857,0.326531,0.288994
1.183673,0.326531,0.268824
1.224490,0.326531,0.244241
1.265306,0.326531,0.215646
1.306122,0.326531,0.183512
1.346939,0.326531,0.148363
1.387755,0.326531,0.110779
1.428571,0.326531,0.071376
1.469388,0.326531,0.030800
1.510204,0.326531,-0.010281
1.551020,0.326531,-0.051193
1.591837,0.326531,-0.091265
1.632653,0.326531,-0.129838
1.673469,0.326531,-0.166279
1.714286,0.326531,-0.199990
1.755102,0.326531,-0.230417
1.795918,0.326531,-0.257061
1.836735,0.326531,-0.279483
1.877551,0.326531,-0.297317
1.918367,0.326531,-0.310268
1.959184,0.326531,-0.318125
2.000000,0.326531,-0.320759
0.000000,0.367347,-0.359141
0.040816,0.367347,-0.356192
0.081633,0.367347,-0.347395
0.122449,0.367347,-0.332893
0.163265,0.367347,-0.312926
0.204082,0.367347,-0.287820
0.244898,0.367347,-0.257988
0.285714,0.367347,-0.223921
0.326531,0.367347,-0.186176
0.367347,0.367347,-0.145374
0.408163,0.367347,-0.102185
0.448980,0.367347,-0.057319
0.489796,0.367347,-0.011511
0.530612,0.367347,0.034486
0.571429,0.367347,0.079916
0.612245,0.367347,0.124035
0.653061,0.367347,0.166116
0.693878,0.367347,0.205470
0.734694,0.367347,0.241451
0.775510,0.367347,0.273466
0.816327,0.367347,0.300991
0.857143,0.367347,0.323575
0.897959,0.367347,0.340844
0.938776,0.367347,0.352518
0.979592,0.367347,0.358403
1.020408,0.367347,0.358403
1.061224,0.367347,0.352518
1.102041,0.367347,0.340844
1.142857,0.367347,0.323575
1.183673,0.367347,0.300991
1.224490,0.367347,0.273466
1.265306,0.367347,0.241451
1.306122,0.367347,0.205470
1.346939,0.367347,0.166116
1.387755,0.367347,0.124035
1.428571,0.367347,0.079916
1.469388,0.367347,0.034486
1.510204,0.367347,-0.011511
1.551020,0.367347,-0.057319
1.591837,0.367347,-0.102185
1.632653,0.367347,-0.145374
1.673469,0.367347,-0.186176
1.714286,0.367347,-0.223921
1.755102,0.367347,-0.257988
1.795918,0.367347,-0.287820
1.836735,0.367347,-0.312926
1.877551,0.367347,-0.332893
1.918367,0.367347,-0.347395
1.959184,0.367347,-0.356192
2.000000,0.367347,-0.359141
0.000000,0.408163,-0.396924
0.040816,0.408163,-0.393665
0.081633,0.408163,-0.383943
0.122449,0.408163,-0.367916
0.163265,0.408163,-0.345847
0.204082,0.408163,-0.318100
0.244898,0.408163,-0.285130
0.285714,0.408163,-0.247478
0.326531,0.408163,-0.205763
0.367347,0.408163,-0.160668
0.408163,0.408163,-0.112936
0.448980,0.408163,-0.063349
0.489796,0.408163,-0.012722
0.530612,0.408163,0.038114
0.571429,0.408163,0.088324
0.612245,0.408163,0.137084
0.653061,0.408163,0.183593
0.693878,0.408163,0.227087
0.734694,0.408163,0.266852
0.775510,0.408163,0.302236
0.816327,0.408163,0.332657
0.857143,0.408163,0.357616
0.897959,0.408163,0.376703
0.938776,0.408163,0.389605
0.979592,0.408163,0.396109
1.020408,0.408163,0.396109
1.061224,0.408163,0.389605
1.102041,0.408163,0.376703
1.142857,0.408163,0.357616
1.183673,0.408163,0.332657
1.224490,0.408163,0.302236
1.265306,0.408163,0.266852
1.306122,0.408163,0.227087
1.346939,0.408163,0.183593
1.387755,0.408163,0.137084
1.428571,0.408163,0.088324
1.469388,0.408163,0.038114
1.510204,0.408163,-0.012722
1.551020,0.408163,-0.063349
1.591837,0.408163,-0.112936
1.632653,0.408163,-0.160668
1.673469,0.408163,-0.205763
1.714286,0.408163,-0.247478
1.755102,0.408163,-0.285130
1.795918,0.408163,-0.318100
1.836735,0.408163,-0.345847
1.877551,0.408163,-0.367916
1.918367,0.408163,-0.383943
1.959184,0.408163,-0.393665
2.000000,0.408163,-0.396924
0.000000,0.448980,-0.434046
0.040816,0.448980,-0.430483
0.081633,0.448980,-0.419851
0.122449,0.448980,-0.402325
0.163265,0.448980,-0.378193
0.204082,0.448980,-0.347851
0.244898,0.448980,-0.311797
0.285714,0.448980,-0.270624
0.326531,0.448980,-0.225006
0.367347,0.448980,-0.175695
0.408163,0.448980,-0.123498
0.448980,0.448980,-0.069274
0.489796,0.448980,-0.013912
0.530612,0.448980,0.041678
0.571429,0.448980,0.096584
0.612245,0.448980,0.149904
0.653061,0.448980,0.200763
0.693878,0.448980,0.248325
0.734694,0.448980,0.291810
0.775510,0.448980,0.330503
0.816327,0.448980,0.363769
0.857143,0.448980,0.391062
0.897959,0.448980,0.411934
0.938776,0.448980,0.426042
0.979592,0.448980,0.433155
1.020408,0.448980,0.433155
1.061224,0.448980,0.426042
1.102041,0.448980,0.411934
1.142857,0.448980,0.391062
1.183673,0.448980,0.363769
1.224490,0.448980,0.330503
1.265306,0.448980,0.291810
1.306122,0.448980,0.248325
1.346939,0.448980,0.200763
1.387755,0.448980,0.149904
1.428571,0.448980,0.096584
1.469388,0.448980,0.041678
1.510204,0.448980,-0.013912
1.551020,0.448980,-0.069274
1.591837,0.448980,-0.123498
1.632653,0.448980,-0.175695
1.673469,0.448980,-0.225006
1.714286,0.448980,-0.270624
1.755102,0.448980,-0.311797
1.795918,0.448980,-0.347851
1.836735,0.448980,-0.378193
1.877551,0.448980,-0.402325
1.918367,0.448980,-0.419851
1.959184,0.448980,-0.430483
2.000000,0.448980,-0.434046
0.000000,0.489796,-0.470446
0.040816,0.489796,-0.466583
0.081633,0.489796,-0.455060
0.122449,0.489796,-0.436064
0.163265,0.489796,-0.409908
0.204082,0.489796,-0.377022
0.244898,0.489796,-0.337944
0.285714,0.489796,-0.293318
0.326531,0.489796,-0.243876
0.367347,0.489796,-0.190429
0.408163,0.489796,-0.133855
0.448980,0.489796,-0.075083
0.489796,0.489796,-0.015079
0.530612,0.489796,0.045174
0.571429,0.489796,0.104684
0.612245,0.489796,0.162476
0.653061,0.489796,0.217599
0.693878,0.489796,0.269150
0.734694,0.489796,0.316281
0.775510,0.489796,0.358219
0.816327,0.489796,0.394275
0.857143,0.489796,0.423857
0.897959,0.489796,0.446479
0.938776,0.489796,0.461770
0.979592,0.489796,0.469479
1.020408,0.489796,0.469479
1.061224,0.489796,0.461770
1.102041,0.489796,0.446479
1.142857,0.489796,0.423857
1.183673,0.489796,0.394275
1.224490,0.489796,0.358219
1.265306,0.489796,0.316281
1.306122,0.489796,0.269150
1.346939,0.489796,0.217599
1.387755,0.489796,0.162476
1.428571,0.489796,0.104684
1.469388,0.489796,0.045174
1.510204,0.489796,-0.015079
1.551020,0.489796,-0.075083
1.591837,0.489796,-0.133855
1.632653,0.489796,-0.190429
1.673469,0.489796,-0.243876
1.714286,0.489796,-0.293318
1.755102,0.489796,-0.337944
1.795918,0.489796,-0.377022
1.836735,0.489796,-0.409908
1.877551,0.489796,-0.436064
1.918367,0.489796,-0.455060
1.959184,0.489796,-0.466583
2.000000,0.489796,-0.470446
0.000000,0.530612,-0.506061
0.040816,0.530612,-0.501907
0.081633,0.530612,-0.489511
0.122449,0.530612,-0.469077
0.163265,0.530612,-0.440941
0.204082,0.530612,-0.405565
0.244898,0.530612,-0.363529
0.285714,0.530612,-0.315524
0.326531,0.530612,-0.262339
0.367347,0.530612,-0.204845
0.408163,0.530612,-0.143988
0.448980,0.530612,-0.080767
0.489796,0.530612,-0.016220
0.530612,0.530612,0.048594
0.571429,0.530612,0.112609
0.612245,0.530612,0.174776
0.653061,0.530612,0.234073
0.693878,0.530612,0.289526
0.734694,0.530612,0.340226
0.775510,0.530612,0.385338
0.816327,0.530612,0.424124
0.857143,0.530612,0.455946
0.897959,0.530612,0.480281
0.938776,0.530612,0.496729
0.979592,0.530612,0.505022
1.020408,0.530612,0.505022
1.061224,0.530612,0.496729
1.102041,0.530612,0.480281
1.142857,0.530612,0.455946
1.183673,0.530612,0.424124
1.224490,0.530612,0.385338
1.265306,0.530612,0.340226
1.306122,0.530612,0.289526
1.346939,0.530612,0.234073
1.387755,0.530612,0.174776
1.428571,0.530612,0.112609
1.469388,0.530612,0.048594
1.510204,0.530612,-0.016220
1.551020,0.530612,-0.080767
1.591837,0.530612,-0.143988
1.632653,0.530612,-0.204845
1.673469,0.530612,-0.262339
1.714286,0.530612,-0.315524
1.755102,0.530612,-0.363529
1.795918,0.530612,-0.405565
1.836735,0.530612,-0.440941
1.877551,0.530612,-0.469077
1.918367,0.530612,-0.489511
1.959184,0.530612,-0.501907
2.000000,0.530612,-0.506061
0.000000,0.571429,-0.540834
0.040816,0.571429,-0.536394
0.081633,0.571429,-0.523146
0.122449,0.571429,-0.501308
0.163265,0.571429,-0.471239
0.204082,0.571429,-0.433432
0.244898,0.571429,-0.388508
0.285714,0.571429,-0.337205
0.326531,0.571429,-0.280364
0.367347,0.571429,-0.218921
0.408163,0.571429,-0.153882
0.448980,0.571429,-0.086317
0.489796,0.571429,-0.017335
0.530612,0.571429,0.051933
0.571429,0.571429,0.120347
0.612245,0.571429,0.186785
0.653061,0.571429,0.250157
0.693878,0.571429,0.309420
0.734694,0.571429,0.363603
0.775510,0.571429,0.411816
0.816327,0.571429,0.453267
0.857143,0.571429,0.487275
0.897959,0.571429,0.513282
0.938776,0.571429,0.530861
0.979592,0.571429,0.539723
1.020408,0.571429,0.539723
1.061224,0.571429,0.530861
1.102041,0.571429,0.513282
1.142857,0.571429,0.487275
1.183673,0.571429,0.453267
1.224490,0.571429,0.411816
1.265306,0.571429,0.363603
1.306122,0.571429,0.309420
1.346939,0.571429,0.250157
1.387755,0.571429,0.186785
1.428571,0.571429,0.120347
1.469388,0.571429,0.051933
1.510204,0.571429,-0.017335
1.551020,0.571429,-0.086317
1.591837,0.571429,-0.153882
1.632653,0.571429,-0.218921
1.673469,0.571429,-0.280364
1.714286,0.571429,-0.337205
1.755102,0.571429,-0.388508
1.795918,0.571429,-0.433432
1.836735,0.571429,-0.471239
1.877551,0.571429,-0.501308
1.918367,0.571429,-0.523146
1.959184,0.571429,-0.536394
2.000000,0.571429,-0.540834
0.000000,0.612245,-0.574706
0.040816,0.612245,-0.569988
0.081633,0.612245,-0.555910
0.122449,0.612245,-0.532705
0.163265,0.612245,-0.500752
0.204082,0.612245,-0.460577
0.244898,0.612245,-0.412840
0.285714,0.612245,-0.358323
0.326531,0.612245,-0.297923
0.367347,0.612245,-0.232631
0.408163,0.612245,-0.163520
0.448980,0.612245,-0.091723
0.489796,0.612245,-0.018420
0.530612,0.612245,0.055185
0.571429,0.612245,0.127884
0.612245,0.612245,0.198483
0.653061,0.612245,0.265824
0.693878,0.612245,0.328799
0.734694,0.612245,0.386375
0.775510,0.612245,0.437608
0.816327,0.612245,0.481654
0.857143,0.612245,0.517792
0.897959,0.612245,0.545428
0.938776,0.612245,0.564108
0.979592,0.612245,0.573525
1.020408,0.612245,0.573525
1.061224,0.612245,0.564108
1.102041,0.612245,0.545428
1.142857,0.612245,0.517792
1.183673,0.612245,0.481654
1.224490,0.612245,0.437608
1.265306,0.612245,0.386375
1.306122,0.612245,0.328799
1.346939,0.612245,0.265824
1.387755,0.612245,0.198483
1.428571,0.612245,0.127884
1.469388,0.612245,0.055185
1.510204,0.612245,-0.018420
1.551020,0.612245,-0.091723
1.591837,0.612245,-0.163520
1.632653,0.612245,-0.232631
1.673469,0.612245,-0.297923
1.714286,0.612245,-0.358323
1.755102,0.612245,-0.412840
1.795918,0.612245,-0.460577
1.836735,0.612245,-0.500752
1.877551,0.612245,-0.532705
1.918367,0.612245,-0.555910
1.959184,0.612245,-0.569988
2.000000,0.612245,-0.574706
0.000000,0.653061,-0.607621
0.040816,0.653061,-0.602632
0.081633,0.653061,-0.587748
0.122449,0.653061,-0.563214
0.163265,0.653061,-0.529431
0.204082,0.653061,-0.486955
0.244898,0.653061,-0.436484
0.285714,0.653061,-0.378845
0.326531,0.653061,-0.314986
0.367347,0.653061,-0.245955
0.408163,0.653061,-0.172885
0.448980,0.653061,-0.096976
0.489796,0.653061,-0.019475
0.530612,0.653061,0.058346
0.571429,0.653061,0.135208
0.612245,0.653061,0.209851
0.653061,0.653061,0.281048
0.693878,0.653061,0.347630
0.734694,0.653061,0.408504
0.775510,0.653061,0.462670
0.816327,0.653061,0.509240
0.857143,0.653061,0.547447
0.897959,0.653061,0.576666
0.938776,0.653061,0.596416
0.979592,0.653061,0.606372
1.020408,0.653061,0.606372
1.061224,0.653061,0.596416
1.102041,0.653061,0.576666
1.142857,0.653061,0.547447
1.183673,0.653061,0.509240
1.224490,0.653061,0.462670
1.265306,0.653061,0.408504
1.306122,0.653061,0.347630
1.346939,0.653061,0.281048
1.387755,0.653061,0.209851
1.428571,0.653061,0.135208
1.469388,0.653061,0.058346
1.510204,0.653061,-0.019475
1.551020,0.653061,-0.096976
1.591837,0.653061,-0.172885
1.632653,0.653061,-0.245955
1.673469,0.653061,-0.314986
1.714286,0.653061,-0.378845
1.755102,0.653061,-0.436484
1.795918,0.653061,-0.486955
1.836735,0.653061,-0.529431
1.877551,0.653061,-0.563214
1.918367,0.653061,-0.587748
1.959184,0.653061,-0.602632
2.000000,0.653061,-0.607621
0.000000,0.693878,-0.639523
0.040816,0.693878,-0.634272
0.081633,0.693878,-0.618607
0.122449,0.693878,-0.592785
0.163265,0.693878,-0.557228
0.204082,0.693878,-0.512522
0.244898,0.693878,-0.459401
0.285714,0.693878,-0.398736
0.326531,0.693878,-0.331524
0.367347,0.693878,-0.258868
0.408163,0.693878,-0.181962
0.448980,0.693878,-0.102068
0.489796,0.693878,-0.020498
0.530612,0.693878,0.061409
0.571429,0.693878,0.142307
0.612245,0.693878,0.220869
0.653061,0.693878,0.295804
0.693878,0.693878,0.365882
0.734694,0.693878,0.429952
0.775510,0.693878,0.486962
0.816327,0.693878,0.535977
0.857143,0.693878,0.576190
0.897959,0.693878,0.606943
0.938776,0.693878,0.627730
0.979592,0.693878,0.638209
1.020408,0.693878,0.638209
1.061224,0.693878,0.627730
1.102041,0.693878,0.606943
1.142857,0.693878,0.576190
1.183673,0.693878,0.535977
1.224490,0.693878,0.486962
1.265306,0.693878,0.429952
1.306122,0.693878,0.365882
1.346939,0.693878,0.295804
1.387755,0.693878,0.220869
1.428571,0.693878,0.142307
1.469388,0.693878,0.061409
1.510204,0.693878,-0.020498
1.551020,0.693878,-0.102068
1.591837,0.693878,-0.181962
1.632653,0.693878,-0.258868
1.673469,0.693878,-0.331524
1.714286,0.693878,-0.398736
1.755102,0.693878,-0.459401
1.795918,0.693878,-0.512522
1.836735,0.693878,-0.557228
1.877551,0.693878,-0.592785
1.918367,0.693878,-0.618607
1.959184,0.693878,-0.634272
2.000000,0.693878,-0.639523
0.000000,0.734694,-0.670360
0.040816,0.734694,-0.664856
0.081633,0.734694,-0.648436
0.122449,0.734694,-0.621368
0.163265,0.734694,-0.584097
0.204082,0.734694,-0.537236
0.244898,0.734694,-0.481553
0.285714,0.734694,-0.417963
0.326531,0.734694,-0.347510
0.367347,0.734694,-0.271351
0.408163,0.734694,-0.190736
0.448980,0.734694,-0.106989
0.489796,0.734694,-0.021486
0.530612,0.734694,0.064370
0.571429,0.734694,0.149169
0.612245,0.734694,0.231519
0.653061,0.734694,0.310067
0.693878,0.734694,0.383524
0.734694,0.734694,0.450684
0.775510,0.734694,0.510443
0.816327,0.734694,0.561821
0.857143,0.734694,0.603974
0.897959,0.734694,0.636209
0.938776,0.734694,0.657998
0.979592,0.734694,0.668983
1.020408,0.734694,0.668983
1.061224,0.734694,0.657998
1.102041,0.734694,0.636209
1.142857,0.734694,0.603974
1.183673,0.734694,0.561821
1.224490,0.734694,0.510443
1.265306,0.734694,0.450684
1.306122,0.734694,0.383524
1.346939,0.734694,0.310067
1.387755,0.734694,0.231519
1.428571,0.734694,0.149169
1.469388,0.734694,0.064370
1.510204,0.734694,-0.021486
1.551020,0.734694,-0.106989
1.591837,0.734694,-0.190736
1.632653,0.734694,-0.271351
1.673469,0.734694,-0.347510
1.714286,0.734694,-0.417963
1.755102,0.734694,-0.481553
1.795918,0.734694,-0.537236
1.836735,0.734694,-0.584097
1.877551,0.734694,-0.621368
1.918367,0.734694,-0.648436
1.959184,0.734694,-0.664856
2.000000,0.734694,-0.670360
0.000000,0.775510,-0.700080
0.040816,0.775510,-0.694333
0.081633,0.775510,-0.677184
0.122449,0.775510,-0.648916
0.163265,0.775510,-0.609993
0.204082,0.775510,-0.561054
0.244898,0.775510,-0.502902
0.285714,0.775510,-0.436493
0.326531,0.775510,-0.362917
0.367347,0.775510,-0.283381
0.408163,0.775510,-0.199192
0.448980,0.775510,-0.111733
0.489796,0.775510,-0.022439
0.530612,0.775510,0.067224
0.571429,0.775510,0.155783
0.612245,0.775510,0.241783
0.653061,0.775510,0.323814
0.693878,0.775510,0.400528
0.734694,0.775510,0.470665
0.775510,0.775510,0.533073
0.816327,0.775510,0.586729
0.857143,0.775510,0.630751
0.897959,0.775510,0.664415
0.938776,0.775510,0.687170
0.979592,0.775510,0.698642
1.020408,0.775510,0.698642
1.061224,0.775510,0.687170
1.102041,0.775510,0.664415
1.142857,0.775510,0.630751
1.183673,0.775510,0.586729
1.224490,0.775510,0.533073
1.265306,0.775510,0.470665
1.306122,0.775510,0.400528
1.346939,0.775510,0.323814
1.387755,0.775510,0.241783
1.428571,0.775510,0.155783
1.469388,0.775510,0.067224
1.510204,0.775510,-0.022439
1.551020,0.775510,-0.111733
1.591837,0.775510,-0.199192
1.632653,0.775510,-0.283381
1.673469,0.775510,-0.362917
1.714286,0.775510,-0.436493
1.755102,0.775510,-0.502902
1.795918,0.775510,-0.561054
1.836735,0.775510,-0.609993
1.877551,0.775510,-0.648916
1.918367,0.775510,-0.677184
1.959184,0.775510,-0.694333
2.000000,0.775510,-0.700080
0.000000,0.816327,-0.728635
0.040816,0.816327,-0.722653
0.081633,0.816327,-0.704805
0.122449,0.816327,-0.675384
0.163265,0.816327,-0.634873
0.204082,0.816327,-0.583938
0.244898,0.816327,-0.523414
0.285714,0.816327,-0.454296
0.326531,0.816327,-0.377719
0.367347,0.816327,-0.294939
0.408163,0.816327,-0.207317
0.448980,0.816327,-0.116290
0.489796,0.816327,-0.023354
0.530612,0.816327,0.069966
0.571429,0.816327,0.162136
0.612245,0.816327,0.251645
0.653061,0.816327,0.337021
0.693878,0.816327,0.416864
0.734694,0.816327,0.489862
0.775510,0.816327,0.554816
0.816327,0.816327,0.610660
0.857143,0.816327,0.656477
0.897959,0.816327,0.691515
0.938776,0.816327,0.715198
0.979592,0.816327,0.727138
1.020408,0.816327,0.727138
1.061224,0.816327,0.715198
1.102041,0.816327,0.691515
1.142857,0.816327,0.656477
1.183673,0.816327,0.610660
1.224490,0.816327,0.554816
1.265306,0.816327,0.489862
1.306122,0.816327,0.416864
1.346939,0.816327,0.337021
1.387755,0.816327,0.251645
1.428571,0.816327,0.162136
1.469388,0.816327,0.069966
1.510204,0.816327,-0.023354
1.551020,0.816327,-0.116290
1.591837,0.816327,-0.207317
1.632653,0.816327,-0.294939
1.673469,0.816327,-0.377719
1.714286,0.816327,-0.454296
1.755102,0.816327,-0.523414
1.795918,0.816327,-0.583938
1.836735,0.816327,-0.634873
1.877551,0.816327,-0.675384
1.918367,0.816327,-0.704805
1.959184,0.816327,-0.722653
2.000000,0.816327,-0.728635
0.000000,0.857143,-0.755975
0.040816,0.857143,-0.749769
0.081633,0.857143,-0.731251
0.122449,0.857143,-0.700726
0.163265,0.857143,-0.658695
0.204082,0.857143,-0.605849
0.244898,0.857143,-0.543054
0.285714,0.857143,-0.471343
0.326531,0.857143,-0.391892
0.367347,0.857143,-0.306006
0.408163,0.857143,-0.215096
0.448980,0.857143,-0.120654
0.489796,0.857143,-0.024230
0.530612,0.857143,0.072591
0.571429,0.857143,0.168220
0.612245,0.857143,0.261087
0.653061,0.857143,0.349668
0.693878,0.857143,0.432506
0.734694,0.857143,0.508243
0.775510,0.857143,0.575634
0.816327,0.857143,0.633574
0.857143,0.857143,0.681110
0.897959,0.857143,0.717463
0.938776,0.857143,0.742035
0.979592,0.857143,0.754422
1.020408,0.857143,0.754422
1.061224,0.857143,0.742035
1.102041,0.857143,0.717463
1.142857,0.857143,0.681110
1.183673,0.857143,0.633574
1.224490,0.857143,0.575634
1.265306,0.857143,0.508243
1.306122,0.857143,0.432506
1.346939,0.857143,0.349668
1.387755,0.857143,0.261087
1.428571,0.857143,0.168220
1.469388,0.857143,0.072591
1.510204,0.857143,-0.024230
1.551020,0.857143,-0.120654
1.591837,0.857143,-0.215096
1.632653,0.857143,-0.306006
1.673469,0.857143,-0.391892
1.714286,0.857143,-0.471343
1.755102,0.857143,-0.543054
1.795918,0.857143,-0.605849
1.836735,0.857143,-0.658695
1.877551,0.857143,-0.700726
1.918367,0.857143,-0.731251
1.959184,0.857143,-0.749769
2.000000,0.857143,-0.755975
0.000000,0.897959,-0.782057
0.040816,0.897959,-0.775636
0.081633,0.897959,-0.756479
0.122449,0.897959,-0.724901
0.163265,0.897959,-0.681421
0.204082,0.897959,-0.626751
0.244898,0.897959,-0.561790
0.285714,0.897959,-0.487604
0.326531,0.897959,-0.405412
0.367347,0.897959,-0.316564
0.408163,0.897959,-0.222517
0.448980,0.897959,-0.124816
0.489796,0.897959,-0.025066
0.530612,0.897959,0.075095
0.571429,0.897959,0.174024
0.612245,0.897959,0.270095
0.653061,0.897959,0.361731
0.693878,0.897959,0.447428
0.734694,0.897959,0.525777
0.775510,0.897959,0.595494
0.816327,0.897959,0.655432
0.857143,0.897959,0.704609
0.897959,0.897959,0.742215
0.938776,0.897959,0.767635
0.979592,0.897959,0.780450
1.020408,0.897959,0.780450
1.061224,0.897959,0.767635
1.102041,0.897959,0.742215
1.142857,0.897959,0.704609
1.183673,0.897959,0.655432
1.224490,0.897959,0.595494
1.265306,0.897959,0.525777
1.306122,0.897959,0.447428
1.346939,0.897959,0.361731
1.387755,0.897959,0.270095
1.428571,0.897959,0.174024
1.469388,0.897959,0.075095
1.510204,0.897959,-0.025066
1.551020,0.897959,-0.124816
1.591837,0.897959,-0.222517
1.632653,0.897959,-0.316564
1.673469,0.897959,-0.405412
1.714286,0.897959,-0.487604
1.755102,0.897959,-0.561790
1.795918,0.897959,-0.626751
1.836735,0.897959,-0.681421
1.877551,0.897959,-0.724901
1.918367,0.897959,-0.756479
1.959184,0.897959,-0.775636
2.000000,0.897959,-0.782057
0.000000,0.938776,-0.806835
0.040816,0.938776,-0.800211
0.081633,0.938776,-0.780448
0.122449,0.938776,-0.747869
0.163265,0.938776,-0.703011
0.204082,0.938776,-0.646609
0.244898,0.938776,-0.579590
0.285714,0.938776,-0.503054
0.326531,0.938776,-0.418257
0.367347,0.938776,-0.326593
0.408163,0.938776,-0.229567
0.448980,0.938776,-0.128771
0.489796,0.938776,-0.025860
0.530612,0.938776,0.077475
0.571429,0.938776,0.179538
0.612245,0.938776,0.278653
0.653061,0.938776,0.373192
0.693878,0.938776,0.461604
0.734694,0.938776,0.542436
0.775510,0.938776,0.614361
0.816327,0.938776,0.676199
0.857143,0.938776,0.726933
0.897959,0.938776,0.765732
0.938776,0.938776,0.791957
0.979592,0.938776,0.805178
1.020408,0.938776,0.805178
1.061224,0.938776,0.791957
1.102041,0.938776,0.765732
1.142857,0.938776,0.726933
1.183673,0.938776,0.676199
1.224490,0.938776,0.614361
1.265306,0.938776,0.542436
1.306122,0.938776,0.461604
1.346939,0.938776,0.373192
1.387755,0.938776,0.278653
1.428571,0.938776,0.179538
1.469388,0.938776,0.077475
1.510204,0.938776,-0.025860
1.551020,0.938776,-0.128771
1.591837,0.938776,-0.229567
1.632653,0.938776,-0.326593
1.673469,0.938776,-0.418257
1.714286,0.938776,-0.503054
1.755102,0.938776,-0.579590
1.795918,0.938776,-0.646609
1.836735,0.938776,-0.703011
1.877551,0.938776,-0.747869
1.918367,0.938776,-0.780448
1.959184,0.938776,-0.800211
2.000000,0.938776,-0.806835
0.000000,0.979592,-0.830270
0.040816,0.979592,-0.823453
0.081633,0.979592,-0.803116
0.122449,0.979592,-0.769591
0.163265,0.979592,-0.723430
0.204082,0.979592,-0.665390
0.244898,0.979592,-0.596424
0.285714,0.979592,-0.517665
0.326531,0.979592,-0.430406
0.367347,0.979592,-0.336079
0.408163,0.979592,-0.236235
0.448980,0.979592,-0.132511
0.489796,0.979592,-0.026611
0.530612,0.979592,0.079725
0.571429,0.979592,0.184752
0.612245,0.979592,0.286746
0.653061,0.979592,0.384032
0.693878,0.979592,0.475011
0.734694,0.979592,0.558191
0.775510,0.979592,0.632206
0.816327,0.979592,0.695839
0.857143,0.979592,0.748047
0.897959,0.979592,0.787972
0.938776,0.979592,0.814959
0.979592,0.979592,0.828564
1.020408,0.979592,0.828564
1.061224,0.979592,0.814959
1.102041,0.979592,0.787972
1.142857,0.979592,0.748047
1.183673,0.979592,0.695839
1.224490,0.979592,0.632206
1.265306,0.979592,0.558191
1.306122,0.979592,0.475011
1.346939,0.979592,0.384032
1.387755,0.979592,0.286746
1.428571,0.979592,0.184752
1.469388,0.979592,0.079725
1.510204,0.979592,-0.026611
1.551020,0.979592,-0.132511
1.591837,0.979592,-0.236235
1.632653,0.979592,-0.336079
1.673469,0.979592,-0.430406
1.714286,0.979592,-0.517665
1.755102,0.979592,-0.596424
1.795918,0.979592,-0.665390
1.836735,0.979592,-0.723430
1.877551,0.979592,-0.769591
1.918367,0.979592,-0.803116
1.959184,0.979592,-0.823453
2.000000,0.979592,-0.830270
0.000000,1.020408,-0.852322
0.040816,1.020408,-0.845324
0.081633,1.020408,-0.824446
0.122449,1.020408,-0.790031
0.163265,1.020408,-0.742644
0.204082,1.020408,-0.683062
0.244898,1.020408,-0.612265
0.285714,1.020408,-0.531414
0.326531,1.020408,-0.441837
0.367347,1.020408,-0.345006
0.408163,1.020408,-0.242509
0.448980,1.020408,-0.136030
0.489796,1.020408,-0.027318
0.530612,1.020408,0.081842
0.571429,1.020408,0.189659
0.612245,1.020408,0.294362
0.653061,1.020408,0.394231
0.693878,1.020408,0.487627
0.734694,1.020408,0.573017
0.775510,1.020408,0.648997
0.816327,1.020408,0.714321
0.857143,1.020408,0.767915
0.897959,1.020408,0.808901
0.938776,1.020408,0.836604
0.979592,1.020408,0.850570
1.020408,1.020408,0.850570
1.061224,1.020408,0.836604
1.102041,1.020408,0.808901
1.142857,1.020408,0.767915
1.183673,1.020408,0.714321
1.224490,1.020408,0.648997
1.265306,1.020408,0.573017
1.306122,1.020408,0.487627
1.346939,1.020408,0.394231
1.387755,1.020408,0.294362
1.428571,1.020408,0.189659
1.469388,1.020408,0.081842
1.510204,1.020408,-0.027318
1.551020,1.020408,-0.136030
1.591837,1.020408,-0.242509
1.632653,1.020408,-0.345006
1.673469,1.020408,-0.441837
1.714286,1.020408,-0.531414
1.755102,1.020408,-0.612265
1.795918,1.020408,-0.683062
1.836735,1.020408,-0.742644
1.877551,1.020408,-0.790031
1.918367,1.020408,-0.824446
1.959184,1.020408,-0.845324
2.000000,1.020408,-0.852322
0.000000,1.061224,-0.872953
0.040816,1.061224,-0.865787
0.081633,1.061224,-0.844403
0.122449,1.061224,-0.809155
0.163265,1.061224,-0.760621
0.204082,1.061224,-0.699597
0.244898,1.061224,-0.627086
0.285714,1.061224,-0.544278
0.326531,1.061224,-0.452533
0.367347,1.061224,-0.353357
0.408163,1.061224,-0.248379
0.448980,1.061224,-0.139323
0.489796,1.061224,-0.027980
0.530612,1.061224,0.083824
0.571429,1.061224,0.194250
0.612245,1.061224,0.301488
0.653061,1.061224,0.403774
0.693878,1.061224,0.499431
0.734694,1.061224,0.586887
0.775510,1.061224,0.664707
0.816327,1.061224,0.731612
0.857143,1.061224,0.786504
0.897959,1.061224,0.828481
0.938776,1.061224,0.856855
0.979592,1.061224,0.871160
1.020408,1.061224,0.871160
1.061224,1.061224,0.856855
1.102041,1.061224,0.828481
1.142857,1.061224,0.786504
1.183673,1.061224,0.731612
1.224490,1.061224,0.664707
1.265306,1.061224,0.586887
1.306122,1.061224,0.499431
1.346939,1.061224,0.403774
1.387755,1.061224,0.301488
1.428571,1.061224,0.194250
1.469388,1.061224,0.083824
1.510204,1.061224,-0.027980
1.551020,1.061224,-0.139323
1.591837,1.061224,-0.248379
1.632653,1.061224,-0.353357
1.673469,1.061224,-0.452533
1.714286,1.061224,-0.544278
1.755102,1.061224,-0.627086
1.795918,1.061224,-0.699597
1.836735,1.061224,-0.760621
1.877551,1.061224,-0.809155
1.918367,1.061224,-0.844403
1.959184,1.061224,-0.865787
2.000000,1.061224,-0.872953
0.000000,1.102041,-0.892131
0.040816,1.102041,-0.884807
0.081633,1.102041,-0.862954
0.122449,1.102041,-0.826931
0.163265,1.102041,-0.777331
0.204082,1.102041,-0.714966
0.244898,1.102041,-0.640862
0.285714,1.102041,-0.556235
0.326531,1.102041,-0.462474
0.367347,1.102041,-0.361120
0.408163,1.102041,-0.253836
0.448980,1.102041,-0.142384
0.489796,1.102041,-0.028594
0.530612,1.102041,0.085665
0.571429,1.102041,0.198518
0.612245,1.102041,0.308111
0.653061,1.102041,0.412645
0.693878,1.102041,0.510403
0.734694,1.102041,0.599781
0.775510,1.102041,0.679310
0.816327,1.102041,0.747685
0.857143,1.102041,0.803782
0.897959,1.102041,0.846682
0.938776,1.102041,0.875680
0.979592,1.102041,0.890298
1.020408,1.102041,0.890298
1.061224,1.102041,0.875680
1.102041,1.102041,0.846682
1.142857,1.102041,0.803782
1.183673,1.102041,0.747685
1.224490,1.102041,0.679310
1.265306,1.102041,0.599781
1.306122,1.102041,0.510403
1.346939,1.102041,0.412645
1.387755,1.102041,0.308111
1.428571,1.102041,0.198518
1.469388,1.102041,0.085665
1.510204,1.102041,-0.028594
1.551020,1.102041,-0.142384
1.591837,1.102041,-0.253836
1.632653,1.102041,-0.361120
1.673469,1.102041,-0.462474
1.714286,1.102041,-0.556235
1.755102,1.102041,-0.640862
1.795918,1.102041,-0.714966
1.836735,1.102041,-0.777331
1.877551,1.102041,-0.826931
1.918367,1.102041,-0.862954
1.959184,1.102041,-0.884807
2.000000,1.102041,-0.892131
0.000000,1.142857,-0.909823
0.040816,1.142857,-0.902353
0.081633,1.142857,-0.880067
0.122449,1.142857,-0.843330
0.163265,1.142857,-0.792746
0.204082,1.142857,-0.729144
0.244898,1.142857,-0.653571
0.285714,1.142857,-0.567265
0.326531,1.142857,-0.471645
0.367347,1.142857,-0.368281
0.408163,1.142857,-0.258870
0.448980,1.142857,-0.145208
0.489796,1.142857,-0.029161
0.530612,1.142857,0.087364
0.571429,1.142857,0.202455
0.612245,1.142857,0.314221
0.653061,1.142857,0.420828
0.693878,1.142857,0.520525
0.734694,1.142857,0.611675
0.775510,1.142857,0.692781
0.816327,1.142857,0.762512
0.857143,1.142857,0.819722
0.897959,1.142857,0.863473
0.938776,1.142857,0.893045
0.979592,1.142857,0.907954
1.020408,1.142857,0.907954
1.061224,1.142857,0.893045
1.102041,1.142857,0.863473
1.142857,1.142857,0.819722
1.183673,1.142857,0.762512
1.224490,1.142857,0.692781
1.265306,1.142857,0.611675
1.306122,1.142857,0.520525
1.346939,1.142857,0.420828
1.387755,1.142857,0.314221
1.428571,1.142857,0.202455
1.469388,1.142857,0.087364
1.510204,1.142857,-0.029161
1.551020,1.142857,-0.145208
1.591837,1.142857,-0.258870
1.632653,1.142857,-0.368281
1.673469,1.142857,-0.471645
1.714286,1.142857,-0.567265
1.755102,1.142857,-0.653571
1.795918,1.142857,-0.729144
1.836735,1.142857,-0.792746
1.877551,1.142857,-0.843330
1.918367,1.142857,-0.880067
1.959184,1.142857,-0.902353
2.000000,1.142857,-0.909823
0.000000,1.183673,-0.925999
0.040816,1.183673,-0.918397
0.081633,1.183673,-0.895714
0.122449,1.183673,-0.858324
0.163265,1.183673,-0.806840
0.204082,1.183673,-0.742108
0.244898,1.183673,-0.665191
0.285714,1.183673,-0.577351
0.326531,1.183673,-0.480031
0.367347,1.183673,-0.374829
0.408163,1.183673,-0.263472
0.448980,1.183673,-0.147789
0.489796,1.183673,-0.029680
0.530612,1.183673,0.088917
0.571429,1.183673,0.206054
0.612245,1.183673,0.319808
0.653061,1.183673,0.428310
0.693878,1.183673,0.529780
0.734694,1.183673,0.622550
0.775510,1.183673,0.705098
0.816327,1.183673,0.776069
0.857143,1.183673,0.834296
0.897959,1.183673,0.878825
0.938776,1.183673,0.908923
0.979592,1.183673,0.924097
1.020408,1.183673,0.924097
1.061224,1.183673,0.908923
1.102041,1.183673,0.878825
1.142857,1.183673,0.834296
1.183673,1.183673,0.776069
1.224490,1.183673,0.705098
1.265306,1.183673,0.622550
1.306122,1.183673,0.529780
1.346939,1.183673,0.428310
1.387755,1.183673,0.319808
1.428571,1.183673,0.206054
1.469388,1.183673,0.088917
1.510204,1.183673,-0.029680
1.551020,1.183673,-0.147789
1.591837,1.183673,-0.263472
1.632653,1.183673,-0.374829
1.673469,1.183673,-0.480031
1.714286,1.183673,-0.577351
1.755102,1.183673,-0.665191
1.795918,1.183673,-0.742108
1.836735,1.183673,-0.806840
1.877551,1.183673,-0.858324
1.918367,1.183673,-0.895714
1.959184,1.183673,-0.918397
2.000000,1.183673,-0.925999
0.000000,1.224490,-0.940633
0.040816,1.224490,-0.932910
0.081633,1.224490,-0.909869
0.122449,1.224490,-0.871888
0.163265,1.224490,-0.819591
0.204082,1.224490,-0.753836
0.244898,1.224490,-0.675703
0.285714,1.224490,-0.586475
0.326531,1.224490,-0.487617
0.367347,1.224490,-0.380752
0.408163,1.224490,-0.267636
0.448980,1.224490,-0.150125
0.489796,1.224490,-0.030149
0.530612,1.224490,0.090322
0.571429,1.224490,0.209310
0.612245,1.224490,0.324862
0.653061,1.224490,0.435079
0.693878,1.224490,0.538152
0.734694,1.224490,0.632388
0.775510,1.224490,0.716241
0.816327,1.224490,0.788333
0.857143,1.224490,0.847481
0.897959,1.224490,0.892713
0.938776,1.224490,0.923287
0.979592,1.224490,0.938700
1.020408,1.224490,0.938700
1.061224,1.224490,0.923287
1.102041,1.224490,0.892713
1.142857,1.224490,0.847481
1.183673,1.224490,0.788333
1.224490,1.224490,0.716241
1.265306,1.224490,0.632388
1.306122,1.224490,0.538152
1.346939,1.224490,0.435079
1.387755,1.224490,0.324862
1.428571,1.224490,0.209310
1.469388,1.224490,0.090322
1.510204,1.224490,-0.030149
1.551020,1.224490,-0.150125
1.591837,1.224490,-0.267636
1.632653,1.224490,-0.380752
1.673469,1.224490,-0.487617
1.714286,1.224490,-0.586475
1.755102,1.224490,-0.675703
1.795918,1.224490,-0.753836
1.836735,1.224490,-0.819591
1.877551,1.224490,-0.871888
1.918367,1.224490,-0.909869
1.959184,1.224490,-0.932910
2.000000,1.224490,-0.940633
0.000000,1.265306,-0.953700
0.040816,1.265306,-0.945870
0.081633,1.265306,-0.922509
0.122449,1.265306,-0.884000
0.163265,1.265306,-0.830976
0.204082,1.265306,-0.764308
0.244898,1.265306,-0.685090
0.285714,1.265306,-0.594622
0.326531,1.265306,-0.494391
0.367347,1.265306,-0.386042
0.408163,1.265306,-0.271354
0.448980,1.265306,-0.152210
0.489796,1.265306,-0.030568
0.530612,1.265306,0.091577
0.571429,1.265306,0.212218
0.612245,1.265306,0.329375
0.653061,1.265306,0.441123
0.693878,1.265306,0.545627
0.734694,1.265306,0.641173
0.775510,1.265306,0.726191
0.816327,1.265306,0.799284
0.857143,1.265306,0.859254
0.897959,1.265306,0.905114
0.938776,1.265306,0.936113
0.979592,1.265306,0.951740
1.020408,1.265306,0.951740
1.061224,1.265306,0.936113
1.102041,1.265306,0.905114
1.142857,1.265306,0.859254
1.183673,1.265306,0.799284
1.224490,1.265306,0.726191
1.265306,1.265306,0.641173
1.306122,1.265306,0.545627
1.346939,1.265306,0.441123
1.387755,1.265306,0.329375
1.428571,1.265306,0.212218
1.469388,1.265306,0.091577
1.510204,1.265306,-0.030568
1.551020,1.265306,-0.152210
1.591837,1.265306,-0.271354
1.632653,1.265306,-0.386042
1.673469,1.265306,-0.494391
1.714286,1.265306,-0.594622
1.755102,1.265306,-0.685090
1.795918,1.265306,-0.764308
1.836735,1.265306,-0.830976
1.877551,1.265306,-0.884000
1.918367,1.265306,-0.922509
1.959184,1.265306,-0.945870
2.000000,1.265306,-0.953700
0.000000,1.306122,-0.965178
0.040816,1.306122,-0.957254
0.081633,1.306122,-0.933612
0.122449,1.306122,-0.894640
0.163265,1.306122,-0.840978
0.204082,1.306122,-0.773507
0.244898,1.306122,-0.693335
0.285714,1.306122,-0.601779
0.326531,1.306122,-0.500341
0.367347,1.306122,-0.390688
0.408163,1.306122,-0.274620
0.448980,1.306122,-0.154042
0.489796,1.306122,-0.030935
0.530612,1.306122,0.092679
0.571429,1.306122,0.214772
0.612245,1.306122,0.333339
0.653061,1.306122,0.446432
0.693878,1.306122,0.552194
0.734694,1.306122,0.648890
0.775510,1.306122,0.734931
0.816327,1.306122,0.808904
0.857143,1.306122,0.869595
0.897959,1.306122,0.916008
0.938776,1.306122,0.947379
0.979592,1.306122,0.963195
1.020408,1.306122,0.963195
1.061224,1.306122,0.947379
1.102041,1.306122,0.916008
1.142857,1.306122,0.869595
1.183673,1.306122,0.808904
1.224490,1.306122,0.734931
1.265306,1.306122,0.648890
1.306122,1.306122,0.552194
1.346939,1.306122,0.446432
1.387755,1.306122,0.333339
1.428571,1.306122,0.214772
1.469388,1.306122,0.092679
1.510204,1.306122,-0.030935
1.551020,1.306122,-0.154042
1.591837,1.306122,-0.274620
1.632653,1.306122,-0.390688
1.673469,1.306122,-0.500341
1.714286,1.306122,-0.601779
1.755102,1.306122,-0.693335
1.795918,1.306122,-0.773507
1.836735,1.306122,-0.840978
1.877551,1.306122,-0.894640
1.918367,1.306122,-0.933612
1.959184,1.306122,-0.957254
2.000000,1.306122,-0.965178
0.000000,1.346939,-0.975048
0.040816,1.346939,-0.967043
0.081633,1.346939,-0.943159
0.122449,1.346939,-0.903789
0.163265,1.346939,-0.849578
0.204082,1.346939,-0.781417
0.244898,1.346939,-0.700425
0.285714,1.346939,-0.607933
0.326531,1.346939,-0.505458
0.367347,1.346939,-0.394683
0.408163,1.346939,-0.277428
0.448980,1.346939,-0.155618
0.489796,1.346939,-0.031252
0.530612,1.346939,0.093627
0.571429,1.346939,0.216969
0.612245,1.346939,0.336748
0.653061,1.346939,0.450997
0.693878,1.346939,0.557841
0.734694,1.346939,0.655526
0.775510,1.346939,0.742447
0.816327,1.346939,0.817176
0.857143,1.346939,0.878488
0.897959,1.346939,0.925375
0.938776,1.346939,0.957068
0.979592,1.346939,0.973045
1.020408,1.346939,0.973045
1.061224,1.346939,0.957068
1.102041,1.346939,0.925375
1.142857,1.346939,0.878488
1.183673,1.346939,0.817176
1.224490,1.346939,0.742447
1.265306,1.346939,0.655526
1.306122,1.346939,0.557841
1.346939,1.346939,0.450997
1.387755,1.346939,0.336748
1.428571,1.346939,0.216969
1.469388,1.346939,0.093627
1.510204,1.346939,-0.031252
1.551020,1.346939,-0.155618
1.591837,1.346939,-0.277428
1.632653,1.346939,-0.394683
1.673469,1.346939,-0.505458
1.714286,1.346939,-0.607933
1.755102,1.346939,-0.700425
1.795918,1.346939,-0.781417
1.836735,1.346939,-0.849578
1.877551,1.346939,-0.903789
1.918367,1.346939,-0.943159
1.959184,1.346939,-0.967043
2.000000,1.346939,-0.975048
0.000000,1.387755,-0.983295
0.040816,1.387755,-0.975222
0.081633,1.387755,-0.951136
0.122449,1.387755,-0.911432
0.163265,1.387755,-0.856763
0.204082,1.387755,-0.788026
0.244898,1.387755,-0.706349
0.285714,1.387755,-0.613074
0.326531,1.387755,-0.509733
0.367347,1.387755,-0.398021
0.408163,1.387755,-0.279774
0.448980,1.387755,-0.156934
0.489796,1.387755,-0.031516
0.530612,1.387755,0.094419
0.571429,1.387755,0.218804
0.612245,1.387755,0.339596
0.653061,1.387755,0.454811
0.693878,1.387755,0.562559
0.734694,1.387755,0.661070
0.775510,1.387755,0.748726
0.816327,1.387755,0.824088
0.857143,1.387755,0.885918
0.897959,1.387755,0.933201
0.938776,1.387755,0.965162
0.979592,1.387755,0.981274
1.020408,1.387755,0.981274
1.061224,1.387755,0.965162
1.102041,1.387755,0.933201
1.142857,1.387755,0.885918
1.183673,1.387755,0.824088
1.224490,1.387755,0.748726
1.265306,1.387755,0.661070
1.306122,1.387755,0.562559
1.346939,1.387755,0.454811
1.387755,1.387755,0.339596
1.428571,1.387755,0.218804
1.469388,1.387755,0.094419
1.510204,1.387755,-0.031516
1.551020,1.387755,-0.156934
1.591837,1.387755,-0.279774
1.632653,1.387755,-0.398021
1.673469,1.387755,-0.509733
1.714286,1.387755,-0.613074
1.755102,1.387755,-0.706349
1.795918,1.387755,-0.788026
1.836735,1.387755,-0.856763
1.877551,1.387755,-0.911432
1.918367,1.387755,-0.951136
1.959184,1.387755,-0.975222
2.000000,1.387755,-0.983295
0.000000,1.428571,-0.989903
0.040816,1.428571,-0.981776
0.081633,1.428571,-0.957528
0.122449,1.428571,-0.917558
0.163265,1.428571,-0.862521
0.204082,1.428571,-0.793322
0.244898,1.428571,-0.711096
0.285714,1.428571,-0.617194
0.326531,1.428571,-0.513158
0.367347,1.428571,-0.400696
0.408163,1.428571,-0.281655
0.448980,1.428571,-0.157988
0.489796,1.428571,-0.031728
0.530612,1.428571,0.095053
0.571429,1.428571,0.220274
0.612245,1.428571,0.341878
0.653061,1.428571,0.457868
0.693878,1.428571,0.566340
0.734694,1.428571,0.665513
0.775510,1.428571,0.753758
0.816327,1.428571,0.829626
0.857143,1.428571,0.891872
0.897959,1.428571,0.939473
0.938776,1.428571,0.971648
0.979592,1.428571,0.987869
1.020408,1.428571,0.987869
1.061224,1.428571,0.971648
1.102041,1.428571,0.939473
1.142857,1.428571,0.891872
1.183673,1.428571,0.829626
1.224490,1.428571,0.753758
1.265306,1.428571,0.665513
1.306122,1.428571,0.566340
1.346939,1.428571,0.457868
1.387755,1.428571,0.341878
1.428571,1.428571,0.220274
1.469388,1.428571,0.095053
1.510204,1.428571,-0.031728
1.551020,1.428571,-0.157988
1.591837,1.428571,-0.281655
1.632653,1.428571,-0.400696
1.673469,1.428571,-0.513158
1.714286,1.428571,-0.617194
1.755102,1.428571,-0.711096
1.795918,1.428571,-0.793322
1.836735,1.428571,-0.862521
1.877551,1.428571,-0.917558
1.918367,1.428571,-0.957528
1.959184,1.428571,-0.981776
2.000000,1.428571,-0.989903
0.000000,1.469388,-0.994863
0.040816,1.469388,-0.986695
0.081633,1.469388,-0.962325
0.122449,1.469388,-0.922155
0.163265,1.469388,-0.866842
0.204082,1.469388,-0.797296
0.244898,1.469388,-0.714659
0.285714,1.469388,-0.620287
0.326531,1.469388,-0.515729
0.367347,1.469388,-0.402704
0.408163,1.469388,-0.283066
0.448980,1.469388,-0.158780
0.489796,1.469388,-0.031887
0.530612,1.469388,0.095530
0.571429,1.469388,0.221378
0.612245,1.469388,0.343591
0.653061,1.469388,0.460162
0.693878,1.469388,0.569177
0.734694,1.469388,0.668847
0.775510,1.469388,0.757534
0.816327,1.469388,0.833782
0.857143,1.469388,0.896340
0.897959,1.469388,0.944180
0.938776,1.469388,0.976516
0.979592,1.469388,0.992819
1.020408,1.469388,0.992819
1.061224,1.469388,0.976516
1.102041,1.469388,0.944180
1.142857,1.469388,0.896340
1.183673,1.469388,0.833782
1.224490,1.469388,0.757534
1.265306,1.469388,0.668847
1.306122,1.469388,0.569177
1.346939,1.469388,0.460162
1.387755,1.469388,0.343591
1.428571,1.469388,0.221378
1.469388,1.469388,0.095530
1.510204,1.469388,-0.031887
1.551020,1.469388,-0.158780
1.591837,1.469388,-0.283066
1.632653,1.469388,-0.402704
1.673469,1.469388,-0.515729
1.714286,1.469388,-0.620287
1.755102,1.469388,-0.714659
1.795918,1.469388,-0.797296
1.836735,1.469388,-0.866842
1.877551,1.469388,-0.922155
1.918367,1.469388,-0.962325
1.959184,1.469388,-0.986695
2.000000,1.469388,-0.994863
0.000000,1.510204,-0.998165
0.040816,1.510204,-0.989970
0.081633,1.510204,-0.965520
0.122449,1.510204,-0.925216
0.163265,1.510204,-0.869720
0.204082,1.510204,-0.799943
0.244898,1.510204,-0.717031
0.285714,1.510204,-0.622346
0.326531,1.510204,-0.517441
0.367347,1.510204,-0.404041
0.408163,1.510204,-0.284005
0.448980,1.510204,-0.159307
0.489796,1.510204,-0.031993
0.530612,1.510204,0.095847
0.571429,1.510204,0.222113
0.612245,1.510204,0.344731
0.653061,1.510204,0.461689
0.693878,1.510204,0.571067
0.734694,1.510204,0.671067
0.775510,1.510204,0.760049
0.816327,1.510204,0.836550
0.857143,1.510204,0.899315
0.897959,1.510204,0.947314
0.938776,1.510204,0.979758
0.979592,1.510204,0.996114
1.020408,1.510204,0.996114
1.061224,1.510204,0.979758
1.102041,1.510204,0.947314
1.142857,1.510204,0.899315
1.183673,1.510204,0.836550
1.224490,1.510204,0.760049
1.265306,1.510204,0.671067
1.306122,1.510204,0.571067
1.346939,1.510204,0.461689
1.387755,1.510204,0.344731
1.428571,1.510204,0.222113
1.469388,1.510204,0.095847
1.510204,1.510204,-0.031993
1.551020,1.510204,-0.159307
1.591837,1.510204,-0.284005
1.632653,1.510204,-0.404041
1.673469,1.510204,-0.517441
1.714286,1.510204,-0.622346
1.755102,1.510204,-0.717031
1.795918,1.510204,-0.799943
1.836735,1.510204,-0.869720
1.877551,1.510204,-0.925216
1.918367,1.510204,-0.965520
1.959184,1.510204,-0.989970
2.000000,1.510204,-0.998165
0.000000,1.551020,-0.999804
0.040816,1.551020,-0.991596
0.081633,1.551020,-0.967106
0.122449,1.551020,-0.926736
0.163265,1.551020,-0.871148
0.204082,1.551020,-0.801257
0.244898,1.551020,-0.718209
0.285714,1.551020,-0.623368
0.326531,1.551020,-0.518291
0.367347,1.551020,-0.404704
0.408163,1.551020,-0.284472
0.448980,1.551020,-0.159569
0.489796,1.551020,-0.032045
0.530612,1.551020,0.096004
0.571429,1.551020,0.222477
0.612245,1.551020,0.345298
0.653061,1.551020,0.462448
0.693878,1.551020,0.572005
0.734694,1.551020,0.672169
0.775510,1.551020,0.761297
0.816327,1.551020,0.837924
0.857143,1.551020,0.900793
0.897959,1.551020,0.948870
0.938776,1.551020,0.981367
0.979592,1.551020,0.997750
1.020408,1.551020,0.997750
1.061224,1.551020,0.981367
1.102041,1.551020,0.948870
1.142857,1.551020,0.900793
1.183673,1.551020,0.837924
1.224490,1.551020,0.761297
1.265306,1.551020,0.672169
1.306122,1.551020,0.572005
1.346939,1.551020,0.462448
1.387755,1.551020,0.345298
1.428571,1.551020,0.222477
1.469388,1.551020,0.096004
1.510204,1.551020,-0.032045
1.551020,1.551020,-0.159569
1.591837,1.551020,-0.284472
1.632653,1.551020,-0.404704
1.673469,1.551020,-0.518291
1.714286,1.551020,-0.623368
1.755102,1.551020,-0.718209
1.795918,1.551020,-0.801257
1.836735,1.551020,-0.871148
1.877551,1.551020,-0.926736
1.918367,1.551020,-0.967106
1.959184,1.551020,-0.991596
2.000000,1.551020,-0.999804
0.000000,1.591837,-0.999779
0.040816,1.591837,-0.991570
0.081633,1.591837,-0.967081
0.122449,1.591837,-0.926712
0.163265,1.591837,-0.871126
0.204082,1.591837,-0.801236
0.244898,1.591837,-0.718190
0.285714,1.591837,-0.623352
0.326531,1.591837,-0.518278
0.367347,1.591837,-0.404694
0.408163,1.591837,-0.284465
0.448980,1.591837,-0.159565
0.489796,1.591837,-0.032044
0.530612,1.591837,0.096002
0.571429,1.591837,0.222472
0.612245,1.591837,0.345289
0.653061,1.591837,0.462436
0.693878,1.591837,0.571990
0.734694,1.591837,0.672152
0.775510,1.591837,0.761277
0.816327,1.591837,0.837903
0.857143,1.591837,0.900769
0.897959,1.591837,0.948846
0.938776,1.591837,0.981342
0.979592,1.591837,0.997725
1.020408,1.591837,0.997725
1.061224,1.591837,0.981342
1.102041,1.591837,0.948846
1.142857,1.591837,0.900769
1.183673,1.591837,0.837903
1.224490,1.591837,0.761277
1.265306,1.591837,0.672152
1.306122,1.591837,0.571990
1.346939,1.591837,0.462436
1.387755,1.591837,0.345289
1.428571,1.591837,0.222472
1.469388,1.591837,0.096002
1.510204,1.591837,-0.032044
1.551020,1.591837,-0.159565
1.591837,1.591837,-0.284465
1.632653,1.591837,-0.404694
1.673469,1.591837,-0.518278
1.714286,1.591837,-0.623352
1.755102,1.591837,-0.718190
1.795918,1.591837,-0.801236
1.836735,1.591837,-0.871126
1.877551,1.591837,-0.926712
1.918367,1.591837,-0.967081
1.959184,1.591837,-0.991570
2.000000,1.591837,-0.999779
0.000000,1.632653,-0.998087
0.040816,1.632653,-0.989893
0.081633,1.632653,-0.965445
0.122449,1.632653,-0.925144
0.163265,1.632653,-0.869652
0.204082,1.632653,-0.799881
0.244898,1.632653,-0.716975
0.285714,1.632653,-0.622297
0.326531,1.632653,-0.517401
0.367347,1.632653,-0.404009
0.408163,1.632653,-0.283983
0.448980,1.632653,-0.159295
0.489796,1.632653,-0.031990
0.530612,1.632653,0.095839
0.571429,1.632653,0.222095
0.612245,1.632653,0.344705
0.653061,1.632653,0.461654
0.693878,1.632653,0.571022
0.734694,1.632653,0.671015
0.775510,1.632653,0.759990
0.816327,1.632653,0.836485
0.857143,1.632653,0.899246
0.897959,1.632653,0.947241
0.938776,1.632653,0.979682
0.979592,1.632653,0.996037
1.020408,1.632653,0.996037
1.061224,1.632653,0.979682
1.102041,1.632653,0.947241
1.142857,1.632653,0.899246
1.183673,1.632653,0.836485
1.224490,1.632653,0.759990
1.265306,1.632653,0.671015
1.306122,1.632653,0.571022
1.346939,1.632653,0.461654
1.387755,1.632653,0.344705
1.428571,1.632653,0.222095
1.469388,1.632653,0.095839
1.510204,1.632653,-0.031990
1.551020,1.632653,-0.159295
1.591837,1.632653,-0.283983
1.632653,1.632653,-0.404009
1.673469,1.632653,-0.517401
1.714286,1.632653,-0.622297
1.755102,1.632653,-0.716975
1.795918,1.632653,-0.799881
1.836735,1.632653,-0.869652
1.877551,1.632653,-0.925144
1.918367,1.632653,-0.965445
1.959184,1.632653,-0.989893
2.000000,1.632653,-0.998087
0.000000,1.673469,-0.994734
0.040816,1.673469,-0.986567
0.081633,1.673469,-0.962201
0.122449,1.673469,-0.922035
0.163265,1.673469,-0.866730
0.204082,1.673469,-0.797193
0.244898,1.673469,-0.714566
0.285714,1.673469,-0.620206
0.326531,1.673469,-0.515663
0.367347,1.673469,-0.402652
0.408163,1.673469,-0.283029
0.448980,1.673469,-0.158759
0.489796,1.673469,-0.031883
0.530612,1.673469,0.095517
0.571429,1.673469,0.221349
0.612245,1.673469,0.343546
0.653061,1.673469,0.460102
0.693878,1.673469,0.569104
0.734694,1.673469,0.668760
0.775510,1.673469,0.757436
0.816327,1.673469,0.833675
0.857143,1.673469,0.896224
0.897959,1.673469,0.944058
0.938776,1.673469,0.976390
0.979592,1.673469,0.992690
1.020408,1.673469,0.992690
1.061224,1.673469,0.976390
1.102041,1.673469,0.944058
1.142857,1.673469,0.896224
1.183673,1.673469,0.833675
1.224490,1.673469,0.757436
1.265306,1.673469,0.668760
1.306122,1.673469,0.569104
1.346939,1.673469,0.460102
1.387755,1.673469,0.343546
1.428571,1.673469,0.221349
1.469388,1.673469,0.095517
1.510204,1.673469,-0.031883
1.551020,1.673469,-0.158759
1.591837,1.673469,-0.283029
1.632653,1.673469,-0.402652
1.673469,1.673469,-0.515663
1.714286,1.673469,-0.620206
1.755102,1.673469,-0.714566
1.795918,1.673469,-0.797193
1.836735,1.673469,-0.866730
1.877551,1.673469,-0.922035
1.918367,1.673469,-0.962201
1.959184,1.673469,-0.986567
2.000000,1.673469,-0.994734
0.000000,1.714286,-0.989723
0.040816,1.714286,-0.981597
0.081633,1.714286,-0.957354
0.122449,1.714286,-0.917391
0.163265,1.714286,-0.862364
0.204082,1.714286,-0.793178
0.244898,1.714286,-0.710967
0.285714,1.714286,-0.617082
0.326531,1.714286,-0.513065
0.367347,1.714286,-0.400623
0.408163,1.714286,-0.281604
0.448980,1.714286,-0.157960
0.489796,1.714286,-0.031722
0.530612,1.714286,0.095036
0.571429,1.714286,0.220234
0.612245,1.714286,0.341816
0.653061,1.714286,0.457785
0.693878,1.714286,0.566237
0.734694,1.714286,0.665392
0.775510,1.714286,0.753621
0.816327,1.714286,0.829475
0.857143,1.714286,0.891710
0.897959,1.714286,0.939302
0.938776,1.714286,0.971472
0.979592,1.714286,0.987690
1.020408,1.714286,0.987690
1.061224,1.714286,0.971472
1.102041,1.714286,0.939302
1.142857,1.714286,0.891710
1.183673,1.714286,0.829475
1.224490,1.714286,0.753621
1.265306,1.714286,0.665392
1.306122,1.714286,0.566237
1.346939,1.714286,0.457785
1.387755,1.714286,0.341816
1.428571,1.714286,0.220234
1.469388,1.714286,0.095036
1.510204,1.714286,-0.031722
1.551020,1.714286,-0.157960
1.591837,1.714286,-0.281604
1.632653,1.714286,-0.400623
1.673469,1.714286,-0.513065
1.714286,1.714286,-0.617082
1.755102,1.714286,-0.710967
1.795918,1.714286,-0.793178
1.836735,1.714286,-0.862364
1.877551,1.714286,-0.917391
1.918367,1.714286,-0.957354
1.959184,1.714286,-0.981597
2.000000,1.714286,-0.989723
0.000000,1.755102,-0.983064
0.040816,1.755102,-0.974993
0.081633,1.755102,-0.950912
0.122449,1.755102,-0.911218
0.163265,1.755102,-0.856562
0.204082,1.755102,-0.787841
0.244898,1.755102,-0.706183
0.285714,1.755102,-0.612930
0.326531,1.755102,-0.509613
0.367347,1.755102,-0.397928
0.408163,1.755102,-0.279709
0.448980,1.755102,-0.156897
0.489796,1.755102,-0.031509
0.530612,1.755102,0.094397
0.571429,1.755102,0.218752
0.612245,1.755102,0.339516
0.653061,1.755102,0.454705
0.693878,1.755102,0.562427
0.734694,1.755102,0.660915
0.775510,1.755102,0.748550
0.816327,1.755102,0.823894
0.857143,1.755102,0.885710
0.897959,1.755102,0.932982
0.938776,1.755102,0.964935
0.979592,1.755102,0.981044
1.020408,1.755102,0.981044
1.061224,1.755102,0.964935
1.102041,1.755102,0.932982
1.142857,1.755102,0.885710
1.183673,1.755102,0.823894
1.224490,1.755102,0.748550
1.265306,1.755102,0.660915
1.306122,1.755102,0.562427
1.346939,1.755102,0.454705
1.387755,1.755102,0.339516
1.428571,1.755102,0.218752
1.469388,1.755102,0.094397
1.510204,1.755102,-0.031509
1.551020,1.755102,-0.156897
1.591837,1.755102,-0.279709
1.632653,1.755102,-0.397928
1.673469,1.755102,-0.509613
1.714286,1.755102,-0.612930
1.755102,1.755102,-0.706183
1.795918,1.755102,-0.787841
1.836735,1.755102,-0.856562
1.877551,1.755102,-0.911218
1.918367,1.755102,-0.950912
1.959184,1.755102,-0.974993
2.000000,1.755102,-0.983064
0.000000,1.795918,-0.974767
0.040816,1.795918,-0.966764
0.081633,1.795918,-0.942887
0.122449,1.795918,-0.903528
0.163265,1.795918,-0.849333
0.204082,1.795918,-0.781191
0.244898,1.795918,-0.700223
0.285714,1.795918,-0.607757
0.326531,1.795918,-0.505312
0.367347,1.795918,-0.394569
0.408163,1.795918,-0.277348
0.448980,1.795918,-0.155573
0.489796,1.795918,-0.031243
0.530612,1.795918,0.093600
0.571429,1.795918,0.216906
0.612245,1.795918,0.336650
0.653061,1.795918,0.450867
0.693878,1.795918,0.557680
0.734694,1.795918,0.655337
0.775510,1.795918,0.742232
0.816327,1.795918,0.816941
0.857143,1.795918,0.878235
0.897959,1.795918,0.925108
0.938776,1.795918,0.956791
0.979592,1.795918,0.972764
1.020408,1.795918,0.972764
1.061224,1.795918,0.956791
1.102041,1.795918,0.925108
1.142857,1.795918,0.878235
1.183673,1.795918,0.816941
1.224490,1.795918,0.742232
1.265306,1.795918,0.655337
1.306122,1.795918,0.557680
1.346939,1.795918,0.450867
1.387755,1.795918,0.336650
1.428571,1.795918,0.216906
1.469388,1.795918,0.093600
1.510204,1.795918,-0.031243
1.551020,1.795918,-0.155573
1.591837,1.795918,-0.277348
1.632653,1.795918,-0.394569
1.673469,1.795918,-0.505312
1.714286,1.795918,-0.607757
1.755102,1.795918,-0.700223
1.795918,1.795918,-0.781191
1.836735,1.795918,-0.849333
1.877551,1.795918,-0.903528
1.918367,1.795918,-0.942887
1.959184,1.795918,-0.966764
2.000000,1.795918,-0.974767
0.000000,1.836735,-0.964846
0.040816,1.836735,-0.956925
0.081633,1.836735,-0.933291
0.122449,1.836735,-0.894332
0.163265,1.836735,-0.840689
0.204082,1.836735,-0.773241
0.244898,1.836735,-0.693097
0.285714,1.836735,-0.601572
0.326531,1.836735,-0.500169
0.367347,1.836735,-0.390554
0.408163,1.836735,-0.274525
0.448980,1.836735,-0.153989
0.489796,1.836735,-0.030925
0.530612,1.836735,0.092647
0.571429,1.836735,0.214699
0.612245,1.836735,0.333224
0.653061,1.836735,0.446278
0.693878,1.836735,0.552005
0.734694,1.836735,0.648667
0.775510,1.836735,0.734678
0.816327,1.836735,0.808626
0.857143,1.836735,0.869296
0.897959,1.836735,0.915693
0.938776,1.836735,0.947054
0.979592,1.836735,0.962864
1.020408,1.836735,0.962864
1.061224,1.836735,0.947054
1.102041,1.836735,0.915693
1.142857,1.836735,0.869296
1.183673,1.836735,0.808626
1.224490,1.836735,0.734678
1.265306,1.836735,0.648667
1.306122,1.836735,0.552005
1.346939,1.836735,0.446278
1.387755,1.836735,0.333224
1.428571,1.836735,0.214699
1.469388,1.836735,0.092647
1.510204,1.836735,-0.030925
1.551020,1.836735,-0.153989
1.591837,1.836735,-0.274525
1.632653,1.836735,-0.390554
1.673469,1.836735,-0.500169
1.714286,1.836735,-0.601572
1.755102,1.836735,-0.693097
1.795918,1.836735,-0.773241
1.836735,1.836735,-0.840689
1.877551,1.836735,-0.894332
1.918367,1.836735,-0.933291
1.959184,1.836735,-0.956925
2.000000,1.836735,-0.964846
0.000000,1.877551,-0.953319
0.040816,1.877551,-0.945492
0.081633,1.877551,-0.922140
0.122449,1.877551,-0.883647
0.163265,1.877551,-0.830644
0.204082,1.877551,-0.764002
0.244898,1.877551,-0.684816
0.285714,1.877551,-0.594384
0.326531,1.877551,-0.494193
0.367347,1.877551,-0.385887
0.408163,1.877551,-0.271245
0.448980,1.877551,-0.152150
0.489796,1.877551,-0.030555
0.530612,1.877551,0.091541
0.571429,1.877551,0.212133
0.612245,1.877551,0.329243
0.653061,1.877551,0.440946
0.693878,1.877551,0.545409
0.734694,1.877551,0.640917
0.775510,1.877551,0.725901
0.816327,1.877551,0.798965
0.857143,1.877551,0.858910
0.897959,1.877551,0.904752
0.938776,1.877551,0.935739
0.979592,1.877551,0.951360
1.020408,1.877551,0.951360
1.061224,1.877551,0.935739
1.102041,1.877551,0.904752
1.142857,1.877551,0.858910
1.183673,1.877551,0.798965
1.224490,1.877551,0.725901
1.265306,1.877551,0.640917
1.306122,1.877551,0.545409
1.346939,1.877551,0.440946
1.387755,1.877551,0.329243
1.428571,1.877551,0.212133
1.469388,1.877551,0.091541
1.510204,1.877551,-0.030555
1.551020,1.877551,-0.152150
1.591837,1.877551,-0.271245
1.632653,1.877551,-0.385887
1.673469,1.877551,-0.494193
1.714286,1.877551,-0.594384
1.755102,1.877551,-0.684816
1.795918,1.877551,-0.764002
1.836735,1.877551,-0.830644
1.877551,1.877551,-0.883647
1.918367,1.877551,-0.922140
1.959184,1.877551,-0.945492
2.000000,1.877551,-0.953319
0.000000,1.918367,-0.940203
0.040816,1.918367,-0.932484
0.081633,1.918367,-0.909453
0.122449,1.918367,-0.871490
0.163265,1.918367,-0.819216
0.204082,1.918367,-0.753491
0.244898,1.918367,-0.675394
0.285714,1.918367,-0.586207
0.326531,1.918367,-0.487394
0.367347,1.918367,-0.380578
0.408163,1.918367,-0.267514
0.448980,1.918367,-0.150056
0.489796,1.918367,-0.030135
0.530612,1.918367,0.090281
0.571429,1.918367,0.209215
0.612245,1.918367,0.324713
0.653061,1.918367,0.434880
0.693878,1.918367,0.537906
0.734694,1.918367,0.632099
0.775510,1.918367,0.715914
0.816327,1.918367,0.787973
0.857143,1.918367,0.847093
0.897959,1.918367,0.892305
0.938776,1.918367,0.922865
0.979592,1.918367,0.938271
1.020408,1.918367,0.938271
1.061224,1.918367,0.922865
1.102041,1.918367,0.892305
1.142857,1.918367,0.847093
1.183673,1.918367,0.787973
1.224490,1.918367,0.715914
1.265306,1.918367,0.632099
1.306122,1.918367,0.537906
1.346939,1.918367,0.434880
1.387755,1.918367,0.324713
1.428571,1.918367,0.209215
1.469388,1.918367,0.090281
1.510204,1.918367,-0.030135
1.551020,1.918367,-0.150056
1.591837,1.918367,-0.267514
1.632653,1.918367,-0.380578
1.673469,1.918367,-0.487394
1.714286,1.918367,-0.586207
1.755102,1.918367,-0.675394
1.795918,1.918367,-0.753491
1.836735,1.918367,-0.819216
1.877551,1.918367,-0.871490
1.918367,1.918367,-0.909453
1.959184,1.918367,-0.932484
2.000000,1.918367,-0.940203
0.000000,1.959184,-0.925521
0.040816,1.959184,-0.917922
0.081633,1.959184,-0.895252
0.122449,1.959184,-0.857881
0.163265,1.959184,-0.806424
0.204082,1.959184,-0.741725
0.244898,1.959184,-0.664847
0.285714,1.959184,-0.577053
0.326531,1.959184,-0.479783
0.367347,1.959184,-0.374635
0.408163,1.959184,-0.263336
0.448980,1.959184,-0.147713
0.489796,1.959184,-0.029664
0.530612,1.959184,0.088871
0.571429,1.959184,0.205948
0.612245,1.959184,0.319643
0.653061,1.959184,0.428089
0.693878,1.959184,0.529506
0.734694,1.959184,0.622229
0.775510,1.959184,0.704734
0.816327,1.959184,0.775668
0.857143,1.959184,0.833866
0.897959,1.959184,0.878371
0.938776,1.959184,0.908454
0.979592,1.959184,0.923619
1.020408,1.959184,0.923619
1.061224,1.959184,0.908454
1.102041,1.959184,0.878371
1.142857,1.959184,0.833866
1.183673,1.959184,0.775668
1.224490,1.959184,0.704734
1.265306,1.959184,0.622229
1.306122,1.959184,0.529506
1.346939,1.959184,0.428089
1.387755,1.959184,0.319643
1.428571,1.959184,0.205948
1.469388,1.959184,0.088871
1.510204,1.959184,-0.029664
1.551020,1.959184,-0.147713
1.591837,1.959184,-0.263336
1.632653,1.959184,-0.374635
1.673469,1.959184,-0.479783
1.714286,1.959184,-0.577053
1.755102,1.959184,-0.664847
1.795918,1.959184,-0.741725
1.836735,1.959184,-0.806424
1.877551,1.959184,-0.857881
1.918367,1.959184,-0.895252
1.959184,1.959184,-0.917922
2.000000,1.959184,-0.925521
0.000000,2.000000,-0.909297
0.040816,2.000000,-0.901832
0.081633,2.000000,-0.879559
0.122449,2.000000,-0.842843
0.163265,2.000000,-0.792288
0.204082,2.000000,-0.728723
0.244898,2.000000,-0.653193
0.285714,2.000000,-0.566938
0.326531,2.000000,-0.471373
0.367347,2.000000,-0.368068
0.408163,2.000000,-0.258720
0.448980,2.000000,-0.145124
0.489796,2.000000,-0.029144
0.530612,2.000000,0.087313
0.571429,2.000000,0.202338
0.612245,2.000000,0.314040
0.653061,2.000000,0.420585
0.693878,2.000000,0.520224
0.734694,2.000000,0.611321
0.775510,2.000000,0.692381
0.816327,2.000000,0.762071
0.857143,2.000000,0.819249
0.897959,2.000000,0.862974
0.938776,2.000000,0.892529
0.979592,2.000000,0.907429
1.020408,2.000000,0.907429
1.061224,2.000000,0.892529
1.102041,2.000000,0.862974
1.142857,2.000000,0.819249
1.183673,2.000000,0.762071
1.224490,2.000000,0.692381
1.265306,2.000000,0.611321
1.306122,2.000000,0.520224
1.346939,2.000000,0.420585
1.387755,2.000000,0.314040
1.428571,2.000000,0.202338
1.469388,2.000000,0.087313
1.510204,2.000000,-0.029144
1.551020,2.000000,-0.145124
1.591837,2.000000,-0.258720
1.632653,2.000000,-0.368068
1.673469,2.000000,-0.471373
1.714286,2.000000,-0.566938
1.755102,2.000000,-0.653193
1.795918,2.000000,-0.728723
1.836735,2.000000,-0.792288
1.877551,2.000000,-0.842843
1.918367,2.000000,-0.879559
1.959184,2.000000,-0.901832
2.000000,2.000000,-0.909297
